T,alpha,lambda,mutual_information,top_1_concentration,gini
50,0.0,0.0,0.018151428785663414,0.10400000000000001,0.64992
50,1.0,0.0,0.006898316524502515,0.22800000000000004,0.7908
50,2.0,0.0,0.01602166391753883,0.924,0.97392
100,0.0,0.0,0.00715499310317443,0.07,0.66942
100,1.0,0.0,0.009649023423367471,0.22800000000000004,0.84282
100,2.0,0.0,0.0081987811289316,0.9219999999999999,0.98712
200,0.0,0.0,0.0028120117264129473,0.036000000000000004,0.663575
200,1.0,0.0,0.002712451894531668,0.15050000000000002,0.839825
200,2.0,0.0,0.002145250535323918,0.9635,0.99412
